coin,time_aest,mid,spread_pct,change24h,volume24h,d15m,d1h,d3h,d6h,score
BTC,2026-10-10T03:12:37+10:00,119638.036125215,0.99,1.77,52051391583.93176,,,,,0.0
ETH,2026-10-10T03:12:37+10:00,3618.96769932,2.57,2.32,21492272438.092308,,,,,0.0
USDT,2026-10-10T03:12:37+10:00,1.44771833,1.0,-0.39,116870755087.1011,,,,,0.0
BNB,2026-10-10T03:12:37+10:00,1077.03919219,2.6,1.88,2520333897.3684044,,,,,0.0
XRP,2026-10-10T03:12:37+10:00,2.01503588,2.58,2.88,4866979673.203478,,,,,0.0
USDC,2026-10-10T03:12:37+10:00,1.448335605,1.12,-0.43,27764006890.650536,,,,,0.0
SOL,2026-10-10T03:12:37+10:00,159.451348915,2.59,1.50,5929204197.665389,,,,,0.0
TRX,2026-10-10T03:12:37+10:00,0.483955585,2.6,-0.52,629537475.134624,,,,,0.0
HYPE,2026-10-10T03:12:37+10:00,123.637087395,3.55,0.66,1418750261.8208814,,,,,0.0
ZEC,2026-10-10T03:12:37+10:00,1771.64746961,2.64,6.70,1915162218.7044992,,,,,0.0
DOGE,2026-10-10T03:12:37+10:00,0.123261955,2.58,2.70,1556113736.4095054,,,,,0.0
LINK,2026-10-10T03:12:37+10:00,18.634484635,2.64,3.33,571663527.3123459,,,,,0.0
WBTC,2026-10-10T03:12:37+10:00,120065.65852272499,2.59,1.81,349826677.4285835,,,,,0.0
ADA,2026-10-10T03:12:37+10:00,0.346400805,2.65,3.73,1113279323.1224205,,,,,0.0
STR,2026-10-10T03:12:37+10:00,0.28067431,2.66,2.10,259738847.86002153,,,,,0.0
BTC,2026-10-10T05:14:00+10:00,119335.256476855,0.99,0.86,52051391583.93176,,,,,0.0
ETH,2026-10-10T05:14:00+10:00,3612.5485943249996,2.56,1.02,21492272438.092308,,,,,0.0
USDT,2026-10-10T05:14:00+10:00,1.4459248599999999,1.0,-0.40,116870755087.1011,,,,,0.0
BNB,2026-10-10T05:14:00+10:00,1075.34128613,2.57,1.33,2520333897.3684044,,,,,0.0
XRP,2026-10-10T05:14:00+10:00,2.01647971,2.58,1.46,4866979673.203478,,,,,0.0
USDC,2026-10-10T05:14:00+10:00,1.447485785,1.18,-0.35,27764006890.650536,,,,,0.0
SOL,2026-10-10T05:14:00+10:00,159.090545125,2.57,0.42,5929204197.665389,,,,,0.0
TRX,2026-10-10T05:14:00+10:00,0.482685515,2.59,-0.69,629537475.134624,,,,,0.0
HYPE,2026-10-10T05:14:00+10:00,122.754425145,3.42,0.28,1418750261.8208814,,,,,0.0
ZEC,2026-10-10T05:14:00+10:00,1760.4323261,2.65,5.56,1915162218.7044992,,,,,0.0
DOGE,2026-10-10T05:14:00+10:00,0.123123535,2.58,1.33,1556113736.4095054,,,,,0.0
LINK,2026-10-10T05:14:00+10:00,18.65134219,2.63,3.06,571663527.3123459,,,,,0.0
WBTC,2026-10-10T05:14:00+10:00,119736.726989715,2.57,0.82,349826677.4285835,,,,,0.0
ADA,2026-10-10T05:14:00+10:00,0.34492284500000003,2.69,2.95,1113279323.1224205,,,,,0.0
STR,2026-10-10T05:14:00+10:00,0.28018128,2.66,1.07,259738847.86002153,,,,,0.0
