time_aest,coin,buy,sell,mcap,volume24h,change24h
2026-10-09T20:41:47+10:00,BTC,119935.80856960,118744.61452755,2369327361717.599,65644196773.093025,-0.66
2026-10-09T20:41:47+10:00,ETH,3676.71900671,3582.11204809,435898825154.0557,28493877659.742516,-2.75
2026-10-09T20:41:47+10:00,USDT,1.45451433,1.43982287,264005598287.60617,139986795493.78024,-0.45
2026-10-09T20:41:47+10:00,BNB,1093.41790624,1065.10043653,141268709899.31323,2821732136.203462,-3.66
2026-10-09T20:41:47+10:00,XRP,2.04951396,1.99664163,125981811800.87685,6468530306.430386,-1.27
2026-10-09T20:41:47+10:00,USDC,1.45637473,1.43927680,104919850889.57248,34013938191.07957,-0.40
2026-10-09T20:41:47+10:00,SOL,161.73626677,157.53213998,92942780660.2861,7673055082.846054,-4.52
2026-10-09T20:41:47+10:00,TRX,0.48961430,0.47687422,45224372736.195274,686274749.9919636,-1.60
2026-10-09T20:41:47+10:00,HYPE,127.25888994,122.92055085,31110386542.387554,1567760924.4031887,-1.54
2026-10-09T20:41:47+10:00,ZEC,1805.69399334,1757.78823341,29540128888.37967,2441141257.651258,0.29
2026-10-09T20:41:47+10:00,DOGE,0.12434111,0.12111341,19018478164.737396,2321171318.7860503,-4.25
2026-10-09T20:41:47+10:00,LINK,18.87144124,18.37300765,13734845861.315048,727219445.1196076,-2.61
2026-10-09T20:41:47+10:00,WBTC,121389.35494892,118178.39172079,13685551534.302483,429151200.80060536,-0.74
2026-10-09T20:41:47+10:00,ADA,0.34875626,0.33964009,12391722050.168112,1305564125.0865815,-6.83
2026-10-09T20:41:47+10:00,STR,0.28451557,0.27690860,9765828270.318382,374167928.0738978,-3.64
2026-10-09T20:41:47+10:00,NEAR,7.01932746,6.83586705,8891583567.978811,2952316791.8503323,-8.60
2026-10-09T20:41:47+10:00,BCC,406.36660631,395.19407816,8030408010.054323,479489488.81318665,-7.05
2026-10-09T20:41:47+10:00,LTC,94.12146052,91.58511510,7074060527.420985,660827382.7524245,-1.40
2026-10-09T20:41:47+10:00,CC,0.17976999,0.17301797,6886351169.950303,43452728.86310008,0.73
2026-10-09T20:41:47+10:00,UNI,10.80746577,10.52223971,6583379519.09904,1345672802.1931102,-5.98
2026-10-09T20:41:47+10:00,AVAX,15.25274514,14.84597586,6530124348.36662,932217769.5362022,-4.66
2026-10-09T20:41:47+10:00,TON,2.19951076,2.12028315,6283800301.560964,89300040.91757141,3.74
2026-10-09T20:41:47+10:00,SUI,1.55547943,1.51503025,6222400676.956873,1560648953.4069223,-6.57
2026-10-09T20:41:47+10:00,HBAR,0.13409509,0.13050161,5759617947.39766,251423482.75359127,-4.65
2026-10-09T20:41:47+10:00,TAO,401.65169282,390.88756805,4563427379.56349,507353595.3509632,-3.90
2026-10-09T20:41:47+10:00,SHIB,0.00000789,0.00000765,4515590109.213355,124072313.19388396,-1.87
2026-10-09T20:41:47+10:00,CRO,0.08987881,0.08739344,4274832437.88112,16926764.29204385,-3.41
2026-10-09T20:41:47+10:00,QNT,357.24614453,347.82247415,4113407852.2421594,276542503.43528205,1.37
2026-10-09T20:41:47+10:00,ENA,0.31707794,0.30863322,4069816986.000692,1084266880.5623693,-2.22
2026-10-09T20:41:47+10:00,PUMP,0.00826584,0.00804025,3744726817.636869,670937074.9744629,-6.59
2026-10-09T20:41:47+10:00,AAVE,243.30427013,236.88676636,3665557570.182595,685956284.7556831,-3.82
2026-10-09T20:41:47+10:00,RLUSD,1.47473654,1.43665177,3550398903.764785,426802195.4786128,-0.45
2026-10-09T20:41:47+10:00,ONDO,0.71556725,0.69066791,3309486202.2423196,720163579.5690364,-0.37
2026-10-09T20:41:47+10:00,DOT,1.71062956,1.66374840,2803847308.239616,401602575.87410414,4.29
2026-10-09T20:41:47+10:00,ASTER,1.02431496,0.99695709,2716473161.418796,185687719.748129,-2.85
2026-10-09T20:41:47+10:00,WLD,0.72432859,0.70526280,2674511359.5602374,518335109.29272187,-6.15
2026-10-09T20:41:47+10:00,MNT,0.81355220,0.78493455,2630130298.7964396,47017211.68959119,-5.16
2026-10-09T20:41:47+10:00,SKY2,0.11392507,0.11063424,2601576873.99413,42669912.12606725,-1.31
2026-10-09T20:41:47+10:00,WLFI,0.07941683,0.07723008,2487088766.004356,84198408.67601754,-4.01
2026-10-09T20:41:47+10:00,ICP,4.39223660,4.27062253,2416774281.650123,141305048.26646042,-5.73
2026-10-09T20:41:47+10:00,PEPE,0.00000576,0.00000560,2316131486.9050555,453143437.68923,-3.85
2026-10-09T20:41:47+10:00,ETC,12.08196582,11.74241757,1864111996.3466027,88459098.21216393,-2.94
2026-10-09T20:41:47+10:00,MORPHO,3.50822021,3.41362708,1825426450.593468,57491202.47558811,-6.01
2026-10-09T20:41:47+10:00,ARB,0.26167770,0.25465829,1717798870.0572085,319509208.30308115,-4.93
2026-10-09T20:41:47+10:00,JST,0.21068297,0.20487504,1667852782.1650712,75105566.90864609,1.70
2026-10-09T20:41:47+10:00,JUP,0.52674425,0.51161340,1665845902.0923243,243481015.46339673,-6.07
2026-10-09T20:41:47+10:00,VVV,33.26389475,32.12945296,1605431506.0479805,182812919.35720965,-9.18
2026-10-09T20:41:47+10:00,KAS,0.06093120,0.05870892,1575384992.7269423,22133270.12724026,2.20
2026-10-09T20:41:47+10:00,ALGO,0.17224316,0.16752324,1534117079.0478604,339206868.5183018,-15.75
2026-10-09T20:41:47+10:00,MATIC,0.14673695,0.14221531,1519475878.461561,246404370.14398652,-1.95
2026-10-09T20:41:47+10:00,ATOM,2.88348885,2.80210263,1407011568.937012,135825239.43733862,8.06
2026-10-09T20:41:47+10:00,RNDR,2.76706486,2.69013331,1401894245.153369,90879005.8601715,-6.51
2026-10-09T20:41:47+10:00,PI,0.11946514,0.11621835,1318507618.8607059,12103906.24175787,-2.15
2026-10-09T20:41:47+10:00,FIL,1.57463377,1.53053369,1296782559.4229405,431592864.4162436,-1.21
2026-10-09T20:41:47+10:00,AERO,1.19920765,1.15727346,1212314274.4764845,189397693.00788897,3.79
2026-10-09T20:41:47+10:00,ZRO,3.12807707,3.04326721,1169485845.6768794,232108265.0337791,2.13
2026-10-09T20:41:47+10:00,NIGHT,0.06602353,0.06413829,1077782000.9380977,43852403.02971445,-1.41
2026-10-09T20:41:47+10:00,STX,0.57802385,0.56185603,1035752316.869168,62355249.69546324,1.62
2026-10-09T20:41:47+10:00,XDC,0.05140097,0.04939686,1014807743.5668211,21478251.45440387,6.18
2026-10-09T20:41:47+10:00,STABLE,0.03784342,0.03654050,1013572455.4316434,15120306.13675842,-2.94
2026-10-09T20:41:47+10:00,INJ,10.36544263,10.07866917,996891380.8415796,205710262.0155286,-5.24
2026-10-09T20:41:47+10:00,CAKE,3.19877412,3.11073580,988204827.7919704,83691587.74169816,-3.74
2026-10-09T20:41:47+10:00,APT,1.20038751,1.16605938,955420591.0199203,172856522.54747444,3.07
2026-10-09T20:41:47+10:00,ETHFI,1.02711444,0.99839259,955168740.8621476,153474483.13696074,-5.10
2026-10-09T20:41:47+10:00,RAY,3.48505778,3.38821860,954307566.6879115,162274665.52452606,-4.58
2026-10-09T20:41:47+10:00,VET,0.01147345,0.01098446,950544361.7840087,36225937.26732938,-3.40
2026-10-09T20:41:47+10:00,DASH,75.36494530,73.31115718,945426890.3197106,130471059.4812416,-5.01
2026-10-09T20:41:47+10:00,PYTH,0.12242568,0.11884532,910164420.1327401,136859651.74655887,9.06
2026-10-09T20:41:47+10:00,LIGHTER,5.33425822,5.13882141,872286676.6576633,52934400.0109316,0.34
2026-10-09T20:41:47+10:00,FLR,0.01021202,0.00981347,856114315.2251853,4806278.75678037,-1.18
2026-10-09T20:41:47+10:00,CRV,0.49933881,0.48534368,767706827.4007907,169687819.33240905,-12.85
2026-10-09T20:41:47+10:00,NEXO,1.23766480,1.19433880,767649947.6816311,10441181.39343159,-0.33
2026-10-09T20:41:47+10:00,TRUMP,2.71402208,2.63989070,745082464.9120688,445072683.50637895,-1.57
2026-10-09T20:41:47+10:00,FET,0.32105615,0.31236553,736177051.2135273,337881367.7160101,-6.73
2026-10-09T20:41:47+10:00,PENGU,0.01179917,0.01147685,729810467.3816665,290203018.07527584,-7.54
2026-10-09T20:41:47+10:00,SEI,0.09712722,0.09441305,728386115.7750496,101202967.37946136,-5.79
2026-10-09T20:41:47+10:00,STRK,0.10922392,0.10619853,696147628.0758339,450469758.5303462,32.88
2026-10-09T20:41:47+10:00,TIA,0.69427102,0.67425593,671163857.9134305,233068337.05005267,-3.76
2026-10-09T20:41:47+10:00,VIRTUAL,1.05410516,1.01515719,671010322.8213396,183019018.07412463,-6.60
2026-10-09T20:41:47+10:00,BCHSV,28.12231605,27.01068828,549058262.3355442,19058613.09882225,-1.65
2026-10-09T20:41:47+10:00,XPL,0.12426744,0.12086938,548402264.1299552,125046028.71363312,-3.08
2026-10-09T20:41:47+10:00,IMX,0.27627278,0.26517865,538313103.5920798,32022344.917403,6.25
2026-10-09T20:41:47+10:00,PENDLE,3.09121516,3.00450855,526512838.9434005,86504430.68619613,-8.43
2026-10-09T20:41:47+10:00,BTT,0.00000054,0.00000051,510484461.4575762,19142051.8911987,-1.82
2026-10-09T20:41:47+10:00,FF,0.15610917,0.15183319,508042545.60979587,10876870.4180341,-2.46
2026-10-09T20:41:47+10:00,LDO,0.61692222,0.60032752,499341048.2402374,129557585.56644093,-6.39
2026-10-09T20:41:47+10:00,SPX,0.53994729,0.51903958,491657036.5649506,18772292.4108805,-5.32
2026-10-09T20:41:47+10:00,KITE,0.18226088,0.17685401,462913061.1074281,22552502.3349003,-8.78
2026-10-09T20:41:47+10:00,SUN,0.02470931,0.02404468,462644423.7054538,26156027.28922625,-1.80
2026-10-09T20:41:47+10:00,XTZ,0.43465979,0.42146379,462232465.34313387,17953983.26002939,-2.46
2026-10-09T20:41:47+10:00,DCR,26.05011893,25.26485986,440626303.5578853,1378409.88189807,-2.54
2026-10-09T20:41:47+10:00,GNO,171.46223641,164.76708041,438723621.3171308,1530584.20301536,-3.99
2026-10-09T20:41:47+10:00,BONK,0.00000492,0.00000476,417426617.7115371,86339322.94757849,-3.91
2026-10-09T20:41:47+10:00,MON,0.03629786,0.03502765,417282949.35085785,69644084.21421352,-4.88
2026-10-09T20:41:47+10:00,GRT,0.03907485,0.03792599,414680766.0716225,38187385.09481421,-5.85
2026-10-09T20:41:47+10:00,OP,0.17931406,0.17412655,402769240.1926042,172622986.108749,-1.82
2026-10-09T20:41:47+10:00,JTO,0.76175322,0.73985843,399788424.52741313,91485367.75683063,-8.99
2026-10-09T20:41:47+10:00,LUNA,0.00007388,0.00007134,399600800.11428416,19200641.21161788,-1.32
2026-10-09T20:41:47+10:00,SYRUP,0.34212883,0.33289323,395928641.2151345,23098306.26622784,-0.42
2026-10-09T20:41:47+10:00,AR,5.95552511,5.76354603,383498317.3436433,31190167.21284676,-4.28
2026-10-09T20:41:47+10:00,ENS,9.16461310,8.87141083,376413805.6777564,45952486.23208898,-7.03
2026-10-09T20:41:47+10:00,CFX,0.07400941,0.07153113,376171531.41800594,18338470.52615521,-3.63
2026-10-09T20:41:47+10:00,FLOKI,0.00004001,0.00003850,359843942.16348726,52024961.56433701,-1.77
2026-10-09T20:41:47+10:00,PONS,0.50956321,0.49167647,351138308.8733938,197068123.68890825,-13.27
2026-10-09T20:41:47+10:00,ZBCN,0.00362534,0.00348371,339800683.10139,15503643.48411727,2.70
2026-10-09T20:41:47+10:00,JASMY,0.00698403,0.00677557,336314842.84802943,14769031.12858671,-2.90
2026-10-09T20:41:47+10:00,COMP,35.34711707,34.32288561,335505358.908789,34981482.68276013,-0.41
2026-10-09T20:41:47+10:00,MIOTA,0.07411255,0.07177516,335109036.40916413,20840302.83111942,-8.28
2026-10-09T20:41:47+10:00,RUNE,1.00339253,0.97470678,321291751.7916948,20024694.14351628,-5.83
2026-10-09T20:41:47+10:00,AKT,1.06107126,1.02103095,320176793.6856611,18997190.67121978,-5.25
2026-10-09T20:41:47+10:00,TWT,0.75026700,0.72966637,313282388.5574625,11561290.89179919,-2.25
2026-10-09T20:41:47+10:00,EIGEN,0.33034145,0.32112211,311617003.09658307,60431422.76942053,-5.55
2026-10-09T20:41:47+10:00,THETA,0.31973008,0.30920742,306272727.526505,9233567.27194821,0.06
2026-10-09T20:41:47+10:00,SAND,0.09855727,0.09587727,304616185.9887317,223681219.94246775,-7.38
2026-10-09T20:41:47+10:00,WIF,0.31103695,0.30217345,302746870.95413035,91234687.45206656,-6.64
2026-10-09T20:41:47+10:00,KMNO,0.05298430,0.05152021,298628377.1867644,11548706.04120943,-1.38
2026-10-09T20:41:47+10:00,AXS,1.71062956,1.65226438,294038408.9043026,45054084.39424507,-4.88
2026-10-09T20:41:47+10:00,TRAC,0.59671364,0.57304950,290327247.2905904,8762717.30801242,-1.32
2026-10-09T20:41:47+10:00,CVX,2.95860822,2.85090969,287074809.5976299,18677835.67168984,-12.11
2026-10-09T20:41:47+10:00,USELESS,0.28291282,0.27287184,278122340.92999506,48157821.51086023,-4.15
2026-10-09T20:41:47+10:00,MANA,0.13614313,0.13163565,270940099.3803798,32946223.30269757,-6.79
2026-10-09T20:41:47+10:00,TEL,0.00281609,0.00267614,254616463.51366013,3177755.57173158,-2.75
2026-10-09T20:41:47+10:00,SENT,0.03416868,0.03318883,254416286.190988,39195507.5769191,-12.12
2026-10-09T20:41:47+10:00,XCN,0.00625008,0.00598378,240424500.60730267,11852304.06503481,-5.25
2026-10-09T20:41:47+10:00,ANS,3.51116705,3.41075608,240115581.4543503,7713867.70283415,-2.21
2026-10-09T20:41:47+10:00,FARTCOIN,0.24129404,0.23251483,231768778.7406136,36801826.21980864,1.47
2026-10-09T20:41:47+10:00,EOS,0.14837244,0.14283258,231260875.18238527,9747069.4210246,2.80
2026-10-09T20:41:47+10:00,CHZ,0.02233691,0.02169045,227211635.46321607,35780027.04776848,-3.50
2026-10-09T20:41:47+10:00,BAT,0.16841226,0.16364738,226271472.262188,18005261.55589328,11.19
2026-10-09T20:41:47+10:00,GRASS,0.95480110,0.92089055,217173927.23067093,60098906.25607446,3.05
2026-10-09T20:41:47+10:00,DEXE,2.67573620,2.60400317,214887416.2745426,24953642.58320126,-1.05
2026-10-09T20:41:47+10:00,SUPER,0.33431684,0.32384956,210700912.2102012,25608812.64477938,-4.21
2026-10-09T20:41:47+10:00,APE,0.20804556,0.20111402,205269207.95181683,26972509.24374331,-6.28
2026-10-09T20:41:47+10:00,KLAY,0.09282486,0.08986251,204779293.00807673,4414.5909964,63.95
2026-10-09T20:41:47+10:00,AIOZ,0.16874279,0.16062577,199058424.5912719,8610653.36012871,4.74
2026-10-09T20:41:47+10:00,SFP,0.40872755,0.39375858,196654792.84350535,1843089.45512766,-2.57
2026-10-09T20:41:47+10:00,1INCH,0.14144741,0.13723412,194306031.01608345,11852928.64107634,-2.28
2026-10-09T20:41:47+10:00,BEAM,0.00394142,0.00382992,192623035.86868587,13851191.15577273,8.03
2026-10-09T20:41:47+10:00,ATH,0.00951837,0.00914013,187215376.5015886,18679218.57876479,-4.77
2026-10-09T20:41:47+10:00,GNT,0.19139765,0.18589769,186232750.2231398,5861005.12015936,0.87
2026-10-09T20:41:47+10:00,EDGE,0.53164725,0.51216299,183433490.82700884,10294682.96473995,-11.53
2026-10-09T20:41:47+10:00,ZK,0.01872721,0.01820218,181944856.37452435,23139941.86382243,5.79
2026-10-09T20:41:47+10:00,EGLD,5.84359569,5.68028695,178399330.0738319,9501259.05436645,-5.04
2026-10-09T20:41:47+10:00,PLUME,0.02597645,0.02522179,175568636.35174245,43946204.94677195,-3.73
2026-10-09T20:41:47+10:00,FTM,0.06599406,0.06387990,173647157.7338889,18907801.1324674,11.20
2026-10-09T20:41:47+10:00,STPT,0.09170585,0.08913040,172543076.8081087,5509471.47763853,-1.81
2026-10-09T20:41:47+10:00,IP,0.28724069,0.27721269,170691518.4967213,100200917.89422566,-1.93
2026-10-09T20:41:47+10:00,ZEN,9.35181589,9.08960753,170190139.30917788,40022102.23212827,-4.41
2026-10-09T20:41:47+10:00,DYDX,0.20322924,0.19741042,164283075.4847781,9581295.1764393,1.03
2026-10-09T20:41:47+10:00,CASHCAT,0.16214723,0.15615598,163681041.01866087,36165968.97674763,-11.58
2026-10-09T20:41:47+10:00,GALA,0.00325771,0.00316097,162434468.59647053,62094094.52545087,-6.05
2026-10-09T20:41:47+10:00,GENIUS,0.47989388,0.46596440,156434446.52297,22386059.80437235,0.46
2026-10-09T20:41:47+10:00,W,0.02594698,0.02519308,155351330.33012027,228767532.6742085,8.53
2026-10-09T20:41:47+10:00,NMR,20.24483225,19.66639659,152992328.32766697,78597393.27162592,-2.01
2026-10-09T20:41:47+10:00,PEAQ,0.05863386,0.05644537,147667691.99199173,5197568.33961973,-3.32
2026-10-09T20:41:47+10:00,BNX,0.39413730,0.38284874,146902417.8458542,27880835.07832908,0.03
2026-10-09T20:41:47+10:00,MINA,0.11639943,0.11297411,146250529.79276165,120697664.6169992,-8.12
2026-10-09T20:41:47+10:00,CHIP,0.07179991,0.06975111,143202398.63316813,42339904.87193301,-4.11
2026-10-09T20:41:47+10:00,QTUM,1.38354422,1.34219568,142149563.4535766,12110711.98273375,-0.56
2026-10-09T20:41:47+10:00,ZRX,0.17283252,0.16781034,141909714.7566016,7973689.212636,-0.96
2026-10-09T20:41:47+10:00,HNT,0.76034301,0.73063811,139483236.89007273,9361666.48466974,-1.03
2026-10-09T20:41:47+10:00,RSR,0.00227644,0.00221067,139172768.6032135,9883305.69555103,-4.40
2026-10-09T20:41:47+10:00,PROM,7.97858564,7.76033138,137472512.60841995,65950506.19989646,3.61
2026-10-09T20:41:47+10:00,DOG,0.00144396,0.00137564,137312620.54417685,1499165.81096835,0.51
2026-10-09T20:41:47+10:00,WEMIX,0.28264362,0.26589496,136017659.8318664,707198.0653933,-0.80
2026-10-09T20:41:47+10:00,FUN,0.01285532,0.01248012,135511851.78750476,1482256.35494088,0.35
2026-10-09T20:41:47+10:00,MELANIA,0.13367512,0.12896479,129500415.21928047,10437188.04298461,-7.93
2026-10-09T20:41:47+10:00,KSM,7.01349356,6.80428612,129350986.27801105,5570900.06007246,0.82
2026-10-09T20:41:47+10:00,VELO,0.00753674,0.00723761,127543996.25558516,6360118.68596735,-2.88
2026-10-09T20:41:47+10:00,LPT,2.52397363,2.45614631,127004147.59533158,47939206.58787678,-6.03
2026-10-09T20:41:47+10:00,ORDI,6.07781817,5.91140288,125118660.52318098,32902113.21421507,-6.70
2026-10-09T20:41:47+10:00,GAS,1.95228550,1.89773549,123869425.97614732,2166000.24838761,-2.08
2026-10-09T20:41:47+10:00,GMX,12.39138202,11.92903301,122798165.39104147,8780302.31109063,1.60
2026-10-09T20:41:47+10:00,SAFE,0.15814542,0.15228790,120231443.7476157,3985065.47710552,-4.74
2026-10-09T20:41:47+10:00,YFI,3382.97924541,3280.12527217,118525565.12214558,9737858.04696267,-4.80
2026-10-09T20:41:47+10:00,RIF,0.12199943,0.11857258,116312716.48271126,10405797.440588,-1.40
2026-10-09T20:41:47+10:00,HAV,0.34301288,0.33260613,114702996.5411543,17320740.5670576,-4.93
2026-10-09T20:41:47+10:00,RLC,1.56506993,1.52292555,112778907.04737201,206123471.41855493,42.20
2026-10-09T20:41:47+10:00,FTT,0.36143067,0.34997572,111081066.27238753,11838606.00442164,-1.93
2026-10-09T20:41:47+10:00,ZETA,0.06906761,0.06647374,110083060.42553017,8154097.77448711,-1.91
2026-10-09T20:41:47+10:00,KAVA,0.10106209,0.09840375,106565849.3686349,14820721.13387765,1.41
2026-10-09T20:41:47+10:00,KAITO,0.45514037,0.44242214,106547188.0590047,27175233.57881105,-3.11
2026-10-09T20:41:47+10:00,BERA,0.31000821,0.30088151,106016843.65747415,29701880.09346361,-5.09
2026-10-09T20:41:47+10:00,BOME,0.00152661,0.00148143,104887287.03583498,59584076.21208011,-4.44
2026-10-09T20:41:47+10:00,HOT,0.00059969,0.00058138,104774869.70908333,5211058.14878582,-3.07
2026-10-09T20:41:47+10:00,TFUEL,0.01417433,0.01368034,103597324.74556692,745755.59961865,-1.37
2026-10-09T20:41:47+10:00,RE,0.65007424,0.63205214,100808265.0706406,12616244.19170092,-5.25
2026-10-09T20:41:47+10:00,BIO,0.04138810,0.03996441,100400775.0653131,20368560.73107263,-4.81
2026-10-09T20:41:47+10:00,DGB,0.00555481,0.00538313,99536074.59566714,3838127.16081361,-7.79
2026-10-09T20:41:47+10:00,VTHO,0.00097541,0.00094599,98204037.2877592,8003444.2452847,-1.78
2026-10-09T20:41:47+10:00,ZIL,0.00500228,0.00485486,97928259.13483916,5825787.55355863,-1.23
2026-10-09T20:41:47+10:00,XPR,0.00328415,0.00316810,95663991.51592489,2288895.70852464,-3.77
2026-10-09T20:41:47+10:00,TURBO,0.00140417,0.00135798,93730433.9872104,16249594.51618646,-3.97
2026-10-09T20:41:47+10:00,SUSHI,0.33564577,0.32628992,93624843.39088786,21398376.62103394,-4.63
2026-10-09T20:41:47+10:00,AMP,0.00097688,0.00094456,91168347.13682072,99498795.57423045,13.80
2026-10-09T20:41:47+10:00,CKB,0.00190514,0.00184749,90568534.56099845,10157104.09572036,-5.12
2026-10-09T20:41:47+10:00,AXL,0.07706003,0.07450262,90131311.86375529,9232446.99246654,0.31
2026-10-09T20:41:47+10:00,IO,0.21968551,0.21259804,88434892.730219,50288012.85984877,-7.17
2026-10-09T20:41:47+10:00,ENJ,0.04502781,0.04372543,88212992.38501105,27570872.57181476,0.80
2026-10-09T20:41:47+10:00,ROSE,0.01169898,0.01134047,87888764.60652499,5272599.58456659,1.08
2026-10-09T20:41:47+10:00,EDU,0.10063394,0.09689647,86472710.6046906,25733378.42380358,4.90
2026-10-09T20:41:47+10:00,ONT,0.09049765,0.08798200,86254217.38584061,28842352.06959766,3.90
2026-10-09T20:41:47+10:00,ASTR,0.00993079,0.00962648,84878240.53289603,2121632.51098979,-3.99
2026-10-09T20:41:47+10:00,T,0.00763227,0.00740719,83104212.63372853,6138969.76524544,-1.60
2026-10-09T20:41:47+10:00,ID,0.05422151,0.05225232,81441986.6513129,11725960.33617911,-4.10
2026-10-09T20:41:47+10:00,ACH,0.00817743,0.00792397,81098845.07238165,7635177.69146519,-5.23
2026-10-09T20:41:47+10:00,CELO,0.13807448,0.13416214,81042784.04362786,6723668.13352854,-1.96
2026-10-09T20:41:47+10:00,SNEK,0.00116201,0.00109595,79282110.56608629,1495844.64004644,-1.22
2026-10-09T20:41:47+10:00,BLUR,0.02795060,0.02677213,78365791.76246615,17651912.03059532,-2.35
2026-10-09T20:41:47+10:00,ALT,0.01085904,0.01046481,77435679.03399149,8632002.4741152,-1.39
2026-10-09T20:41:47+10:00,SC,0.00142921,0.00138094,76796063.29888323,5546246.5730529,0.27
2026-10-09T20:41:47+10:00,TRB,27.58224391,26.77213787,76717769.66592829,38028768.40295504,-4.39
2026-10-09T20:41:47+10:00,WIN,0.00007670,0.00007321,76094060.9651994,98623432.65854904,-13.75
2026-10-09T20:41:47+10:00,BRETT,0.00774417,0.00746396,75782745.3675693,6759438.00284509,-3.52
2026-10-09T20:41:47+10:00,PHA,0.08840539,0.08598665,74944311.08120033,31864585.86817699,-3.96
2026-10-09T20:41:47+10:00,POLY,0.05849490,0.05684593,74639340.95191938,1390479.34656681,-1.19
2026-10-09T20:41:47+10:00,LSK,0.35406054,0.34452080,74106577.63254759,18285610.10681145,-0.61
2026-10-09T20:41:47+10:00,XVS,4.53666947,4.39981792,73030678.08122577,3723234.35640589,-2.00
2026-10-09T20:41:47+10:00,XYO,0.00540541,0.00513309,71361060.42068996,3318384.57196508,-0.88
2026-10-09T20:41:47+10:00,FLOW,0.04449700,0.04286413,71272043.63953908,7667396.76480448,-4.94
2026-10-09T20:41:47+10:00,ALLO,0.36084130,0.35098058,70390398.65493168,9409691.47985496,-5.10
2026-10-09T20:41:47+10:00,PNUT,0.07205039,0.07005256,70277400.53426914,14819156.8571568,-2.45
2026-10-09T20:41:47+10:00,AVNT,0.19493387,0.18905579,68025322.59822111,68191221.12805775,0.37
2026-10-09T20:41:47+10:00,TOSHI,0.00016615,0.00015916,67550109.58252847,4286069.71657907,-2.37
2026-10-09T20:41:47+10:00,RONIN,0.09017349,0.08742215,67281383.47736485,2330158.90809287,-5.25
2026-10-09T20:41:47+10:00,G,0.00617359,0.00598604,66961273.75667379,13153206.25965806,-4.11
2026-10-09T20:41:47+10:00,XVG,0.00413734,0.00398925,65974783.54853009,2715920.3707691,-4.75
2026-10-09T20:41:47+10:00,POPCAT,0.06988338,0.06733331,65660195.67205764,13804970.04156354,-3.81
2026-10-09T20:41:47+10:00,ANKR,0.00686610,0.00664638,65472064.18250097,7903509.42243258,-0.88
2026-10-09T20:41:47+10:00,SSV,4.15357949,4.03663556,65357618.4790997,11044764.21317338,-4.23
2026-10-09T20:41:47+10:00,XRB,0.50538410,0.48950665,64775825.44068889,326250.31206041,0.13
2026-10-09T20:41:47+10:00,ARK,0.32076420,0.31193488,64750964.94074179,19474827.09155542,-2.20
2026-10-09T20:41:47+10:00,MASK,0.66598721,0.64597653,64516701.30922625,5993468.75758589,-2.60
2026-10-09T20:41:47+10:00,AGS,3.08555000,2.72200500,64463182.62158016,1.26930592,2.35
2026-10-09T20:41:47+10:00,BARD,0.18049432,0.17513141,64106634.48124709,6144191.07463455,-3.91
2026-10-09T20:41:47+10:00,AURORA,0.08701704,0.08346466,62937131.3277398,2609186.18579201,-7.47
2026-10-09T20:41:47+10:00,NOT,0.00065567,0.00063448,62500273.9548394,7133434.18941295,-3.49
2026-10-09T20:41:47+10:00,SYN,0.27396595,0.26598441,62393415.93302512,27024168.34231549,-6.66
2026-10-09T20:41:47+10:00,CSPR,0.00375429,0.00356580,62241022.89178884,4947891.13778221,4.85
2026-10-09T20:41:47+10:00,MOG,0.00000017,0.00000015,61337311.91052252,12851528.59470981,0.00
2026-10-09T20:41:47+10:00,MERL,0.04676184,0.04485544,60958438.30455581,7057551.08163149,9.85
2026-10-09T20:41:47+10:00,REQ,0.07971219,0.07708653,60469755.66944013,505648.58241603,-1.36
2026-10-09T20:41:47+10:00,ONG,0.12883502,0.12501798,60138641.71787041,3305016.47886631,0.58
2026-10-09T20:41:47+10:00,BAND,0.33815059,0.32873027,59929243.69944886,4737987.80368401,1.13
2026-10-09T20:41:47+10:00,MEW,0.00069365,0.00066617,59682439.94214782,6673727.40780628,-3.94
2026-10-09T20:41:47+10:00,MOVE,0.01299991,0.01261951,59430244.20639999,94742367.51438811,-5.96
2026-10-09T20:41:47+10:00,AUS,198.51075300,188.85695400,59156296.80885001,,1.25
2026-10-09T20:41:47+10:00,MOODENG,0.06100530,0.05857998,58137400.49944752,9648699.77391916,-4.25
2026-10-09T20:41:47+10:00,RPL,2.60793653,2.52217942,57934696.87627598,12523446.26610859,-2.43
2026-10-09T20:41:47+10:00,COTI,0.01927238,0.01871896,56277777.57768594,17573722.34706975,-2.75
2026-10-09T20:41:47+10:00,DUSK,0.11404295,0.11053376,55716527.26478395,5615359.40906772,-2.09
2026-10-09T20:41:47+10:00,SNT,0.01153395,0.01119262,54400123.79269614,3964509.13107122,-2.36
2026-10-09T20:41:47+10:00,RVN,0.00327543,0.00318107,53507587.92301694,10071146.07418792,-3.86
2026-10-09T20:41:47+10:00,WAVES,0.38802690,0.37348501,53423525.77289634,8029397.19448122,-2.17
2026-10-09T20:41:47+10:00,ETN,0.00303838,0.00289247,53230613.2426784,380387.63655039,13.77
2026-10-09T20:41:47+10:00,UMA,0.58642237,0.56845934,52762021.18775516,18341100.39304128,-2.65
2026-10-09T20:41:47+10:00,SAHARA,0.01255357,0.01218742,52419345.11128078,15310665.1039863,-3.73
2026-10-09T20:41:47+10:00,LISTA,0.11993664,0.11484027,52026808.09662027,3183575.35237902,1.28
2026-10-09T20:41:47+10:00,CATI,0.10128310,0.09620743,51863994.46330854,5148791.12402888,1.49
2026-10-09T20:41:47+10:00,IOTX,0.00564911,0.00547643,51698390.91266509,5701774.22794557,-1.15
2026-10-09T20:41:47+10:00,POWR,0.09149957,0.08871411,50639377.65442973,1572065.82331955,-2.03
2026-10-09T20:41:47+10:00,MEME,0.00080450,0.00078235,50613427.80598876,11823502.69423449,-4.81
2026-10-09T20:41:47+10:00,RATS,0.00005345,0.00005156,50567625.30452286,4503265.52766527,-7.02
2026-10-09T20:41:47+10:00,PRO,0.51237493,0.49010057,49532027.12945702,686583.67608164,-1.55
2026-10-09T20:41:47+10:00,REZ,0.00556070,0.00539174,49181159.58381378,10087337.69561693,-2.95
2026-10-09T20:41:47+10:00,STEEM,0.08958412,0.08716376,48458126.74884768,5599465.85009949,1.33
2026-10-09T20:41:47+10:00,CTSI,0.05099518,0.04955357,47275426.97047952,99226670.95093572,8.36
2026-10-09T20:41:47+10:00,ONE,0.00314135,0.00303465,47110643.73327582,21473728.3868165,0.63
2026-10-09T20:41:47+10:00,FLUX,0.12317712,0.11641932,47030847.56008942,11001334.67504929,-1.51
2026-10-09T20:41:47+10:00,OGN,0.05537124,0.05386008,46769975.00834505,429088248.5096016,19.27
2026-10-09T20:41:47+10:00,LUNA2,0.06847534,0.06590069,46699854.6991253,7155739.98547416,-1.94
2026-10-09T20:41:47+10:00,BNT,0.46766447,0.45476747,46228631.35954273,2925659.53936436,-3.57
2026-10-09T20:41:47+10:00,HIVE,0.08015422,0.07794783,45612654.51764365,1417926.31138023,-1.71
2026-10-09T20:41:47+10:00,ZORA,0.01041804,0.01003552,44670934.19479965,15991595.93475451,-4.00
2026-10-09T20:41:47+10:00,ORBS,0.01062545,0.01011432,44594500.21230226,3148726.40985076,0.03
2026-10-09T20:41:47+10:00,SKL,0.00738179,0.00712009,44410153.72721352,128482277.3706829,10.37
2026-10-09T20:41:47+10:00,IOST,0.00122147,0.00118716,43236395.81728903,7874763.63481278,0.03
2026-10-09T20:41:47+10:00,MANTA,0.09152826,0.08865668,42814052.07151768,6767017.69227442,-4.35
2026-10-09T20:41:47+10:00,UST,0.00789987,0.00740666,42165648.515655,1839384.29284727,-2.83
2026-10-09T20:41:47+10:00,MTL,0.45793598,0.44414474,41362340.2708765,1086821.41054742,1.18
2026-10-09T20:41:47+10:00,PUNDIX,0.16354996,0.15891022,41000375.85410424,1190934.37235798,-2.29
2026-10-09T20:41:47+10:00,CORE,0.02815712,0.02730327,40897825.70893239,6370343.5450671,-2.59
2026-10-09T20:41:47+10:00,MANTRA,0.00646828,0.00624443,40765661.83717188,7206474.68130838,-2.03
2026-10-09T20:41:47+10:00,ARKM,0.18255556,0.17671046,40597627.12966113,50524894.24785892,-3.49
2026-10-09T20:41:47+10:00,FXS,0.44349656,0.42835420,40236506.42020274,1083688.12427289,-3.18
2026-10-09T20:41:47+10:00,KNC,0.19625995,0.19020420,40037478.45076946,5895753.27017263,-2.64
2026-10-09T20:41:47+10:00,ILV,5.65789619,5.46926784,39946527.1470111,4748033.54057031,-0.96
2026-10-09T20:41:47+10:00,METIS,4.92123288,4.76587129,38728396.02163631,5878892.15556056,-1.64
2026-10-09T20:41:47+10:00,FLIP,0.44968052,0.42978711,38480875.01717858,104682.07379114,0.19
2026-10-09T20:41:47+10:00,OSMO,0.05068576,0.04909421,38080964.87249713,3796543.31951114,0.42
2026-10-09T20:41:47+10:00,WAX,0.00839844,0.00813930,37680734.82294133,2036421.42527709,-2.33
2026-10-09T20:41:47+10:00,CVC,0.03636409,0.03537080,36804109.27391371,5637732.69274895,-9.80
2026-10-09T20:41:47+10:00,API3,0.47149135,0.45663362,36442710.57768861,39036867.46263697,5.66
2026-10-09T20:41:47+10:00,CYBER,0.51127344,0.49524866,36366720.54910309,30682663.02847664,3.75
2026-10-09T20:41:47+10:00,AUCT,5.49292101,5.33576614,36243143.5195991,9061866.21572477,1.01
2026-10-09T20:41:47+10:00,GMT,0.01189043,0.01148402,35389663.31812866,14485312.31188418,-0.32
2026-10-09T20:41:47+10:00,AEVO,0.03917832,0.03788293,35187640.02395424,56846353.72366114,-4.10
2026-10-09T20:41:47+10:00,AUDIO,0.02488612,0.02415952,35133049.97479414,53247485.67083398,5.81
2026-10-09T20:41:47+10:00,CETUS,0.03776519,0.03607346,34993711.56062763,3285530.90689257,-3.73
2026-10-09T20:41:47+10:00,1000SATS,0.00001698,0.00001648,34900467.048309,3532234.86418299,-5.03
2026-10-09T20:41:47+10:00,DEGEN,0.00146732,0.00140826,34733485.48468871,4465888.90258402,-1.93
2026-10-09T20:41:47+10:00,YGG,0.03785192,0.03672017,34711735.58867219,13231696.71868705,-2.06
2026-10-09T20:41:47+10:00,STRAX,0.01575090,0.01525940,33606570.6759249,854033.85017335,-0.82
2026-10-09T20:41:47+10:00,BIGTIME,0.01207943,0.01150396,33558281.95975355,17381641.71635513,-3.18
2026-10-09T20:41:47+10:00,WOO,0.01853551,0.01751314,33384362.59533388,2441476.84957928,-1.39
2026-10-09T20:41:47+10:00,CELR,0.00433772,0.00418736,33377814.12276495,3428286.39258627,-0.75
2026-10-09T20:41:47+10:00,MOVR,2.82600128,2.74611794,33372983.42502637,27130103.06226872,0.60
2026-10-09T20:41:47+10:00,MPLX,0.07244821,0.07039708,33219755.99981263,2204945.98943763,-8.44
2026-10-09T20:41:47+10:00,IQ,0.00122294,0.00115414,32606895.64458193,839793.59384357,-0.70
2026-10-09T20:41:47+10:00,MAGIC,0.11684145,0.11268701,32604522.10975332,13361967.67631346,20.80
2026-10-09T20:41:47+10:00,SLP,0.00092088,0.00089001,32299897.4470908,2619642.9156103,-3.83
2026-10-09T20:41:47+10:00,DOGS,0.00006322,0.00006127,31554183.53168277,5488633.09197569,-3.32
2026-10-09T20:41:47+10:00,LQTY,0.33667430,0.32514151,30910129.82993666,3952701.99827063,-3.74
2026-10-09T20:41:47+10:00,XCH,2.22339534,2.15469060,30553969.50613354,993591.16064164,1.83
2026-10-09T20:41:47+10:00,DIA,0.26344580,0.25508894,30038361.72936011,12863317.70743947,2.24
2026-10-09T20:41:47+10:00,CGPT,0.03414874,0.03272112,29902467.08644226,8565468.99654128,5.11
2026-10-09T20:41:47+10:00,ACE,0.28215811,0.27346339,29729795.51224098,43255749.98455393,1.41
2026-10-09T20:41:47+10:00,CHR,0.03238584,0.03146623,29712309.63463562,4171206.18563617,0.97
2026-10-09T20:41:47+10:00,FIDA,0.03013125,0.02926991,29022144.10624639,24380380.54348582,-6.23
2026-10-09T20:41:47+10:00,PIXEL,0.00864892,0.00836898,28867083.79089448,11347396.38725695,-1.30
2026-10-09T20:41:47+10:00,CTK,0.17902090,0.17398301,28559856.36860086,1984633.62053354,-2.61
2026-10-09T20:41:47+10:00,DAG,0.01046843,0.00968167,28468951.55444786,1488106.59135226,0.62
2026-10-09T20:41:47+10:00,ATOR,0.30962116,0.29469070,28436662.00024518,816760.07066005,0.45
2026-10-09T20:41:47+10:00,BICO,0.02834842,0.02751859,28396440.95097545,8589034.60683875,-4.52
2026-10-09T20:41:47+10:00,QI,0.00415653,0.00403520,27828787.80919143,3856140.90510817,-4.42
2026-10-09T20:41:47+10:00,TNSR,0.05363215,0.05196522,27659256.85208229,16375078.30059937,-5.14
2026-10-09T20:41:47+10:00,QKC,0.00392667,0.00379833,27517411.85447307,918388.07015865,-3.46
2026-10-09T20:41:47+10:00,XYM,0.00427440,0.00414573,27074734.37268514,36291.67430773,1.94
2026-10-09T20:41:47+10:00,XAI,0.01303969,0.01261807,26570531.99864925,8467195.58048495,-3.18
2026-10-09T20:41:47+10:00,DODO,0.02668347,0.02591083,26466948.52424371,24913806.51945742,-0.39
2026-10-09T20:41:47+10:00,TAIKO,0.12331384,0.11890776,26089986.73265761,5488674.16502692,-4.68
2026-10-09T20:41:47+10:00,STG,0.27442505,0.25876417,26039240.58093739,280328.5861311,0.00
2026-10-09T20:41:47+10:00,SPELL,0.00013615,0.00013162,26011411.73414259,20572149.45118299,-3.78
2026-10-09T20:41:47+10:00,AGLD,0.28289481,0.27461179,25448240.37545725,7536009.23188378,-2.79
2026-10-09T20:41:47+10:00,GTC,0.29247198,0.28342578,25061863.42403429,61821388.98262402,14.47
2026-10-09T20:41:47+10:00,CHEEL,0.44674186,0.41701373,24822776.68843534,169283.83913232,-1.69
2026-10-09T20:41:47+10:00,RAD,0.44939020,0.43352201,24479477.03092726,16372443.38545534,-1.10
2026-10-09T20:41:47+10:00,ANIME,0.00450864,0.00434957,24281593.08020756,5575359.7042021,-3.00
2026-10-09T20:41:47+10:00,JOE,0.05540024,0.05354427,24268850.19267886,7979355.01839773,-1.24
2026-10-09T20:41:47+10:00,ALICE,0.24370417,0.23700161,24167522.38102863,14366785.89831187,-7.58
2026-10-09T20:41:47+10:00,ARPA,0.01636973,0.01587666,24149883.21726499,22695124.27636041,-3.48
2026-10-09T20:41:47+10:00,AVA,0.34168680,0.33188838,23210978.47088632,17130651.65044573,-0.96
2026-10-09T20:41:47+10:00,GOAT,0.02383278,0.02297928,23134725.20029642,4123807.01550174,-5.94
2026-10-09T20:41:47+10:00,CAT,0.00000303,0.00000290,22622866.6587373,1405056.85767868,-4.42
2026-10-09T20:41:47+10:00,C98,0.02354510,0.02285321,22337639.16839446,22302657.72789217,-5.31
2026-10-09T20:41:47+10:00,BANANA,5.59164035,5.41758983,22026916.9783102,6562553.42173607,-3.31
2026-10-09T20:41:47+10:00,ZENT,0.00272437,0.00264563,21129300.58710237,3825034.6798598,-1.99
2026-10-09T20:41:47+10:00,ORN,0.11978930,0.11627577,21121112.26345038,3276074.5766945,-6.00
2026-10-09T20:41:47+10:00,MBL,0.00109181,0.00105940,21010422.02855108,4577164.33300335,-2.30
2026-10-09T20:41:47+10:00,PORTAL,0.02431148,0.02349919,20738967.23487735,17636026.68977884,-5.39
2026-10-09T20:41:47+10:00,POND,0.00247666,0.00238102,20371826.79768462,2028459.91157227,-4.23
2026-10-09T20:41:47+10:00,BONE,0.09149957,0.08758006,20033106.72779888,2848784.81908018,-1.00
2026-10-09T20:41:47+10:00,RARE,0.02465037,0.02392984,19452842.50632576,17601481.64748274,2.37
2026-10-09T20:41:47+10:00,RIO,0.09075128,0.08564224,19410759.27263597,445018.04412761,0.74
2026-10-09T20:41:47+10:00,GLMR,0.01623699,0.01561971,19329758.31749425,22807794.17242768,-7.05
2026-10-09T20:41:47+10:00,OG,4.04454618,3.93327931,19118566.26323336,5441476.77338929,-3.54
2026-10-09T20:41:47+10:00,LRC,0.01464352,0.01402538,19078961.67911962,2287173.21295146,-0.34
2026-10-09T20:41:47+10:00,MAV,0.01635486,0.01580489,18479990.24668845,2972749.52635785,-2.89
2026-10-09T20:41:47+10:00,STORJ,0.04372306,0.04183261,17566335.03932721,3476416.09533002,0.93
2026-10-09T20:41:47+10:00,AI,0.02932087,0.02770521,17476515.15240793,8025001.17277697,-2.41
2026-10-09T20:41:47+10:00,PONKE,0.03211792,0.03064382,17246822.12706388,2793266.96173872,-5.17
2026-10-09T20:41:47+10:00,DRIFT,0.02836812,0.02729148,17019259.85856027,6062604.78267113,-4.20
2026-10-09T20:41:47+10:00,DYM,0.02585836,0.02502082,16606128.34088406,8000742.37020293,-3.63
2026-10-09T20:41:47+10:00,WAN,0.08430398,0.08072834,16253938.61078856,193824.91032132,0.47
2026-10-09T20:41:47+10:00,BB,0.01330501,0.01287646,16111878.40272324,8995218.08235684,-2.61
2026-10-09T20:41:47+10:00,CHILLGUY,0.01619977,0.01562992,15849550.20595049,6232826.87960183,-6.82
2026-10-09T20:41:47+10:00,NAKA,0.19267952,0.16700095,15006712.90252154,697570.67423894,14.01
2026-10-09T20:41:47+10:00,EWT,0.51134179,0.48752186,14992190.71390966,290537.75918401,-3.29
2026-10-09T20:41:47+10:00,BLAST,0.00009091,0.00008728,14986384.12383182,2926959.52963702,-18.53
2026-10-09T20:41:47+10:00,HMSTR,0.00023575,0.00022838,14715508.48594288,4932113.32690013,-2.76
2026-10-09T20:41:47+10:00,ADX,0.10520241,0.10220784,14712797.67584734,4553540.6198517,2.12
2026-10-09T20:41:47+10:00,TKO,0.08295372,0.08010108,14521092.71431349,1371337.11457492,-2.87
2026-10-09T20:41:47+10:00,SAGA,0.03251845,0.03150929,14384575.16280732,36335420.97316451,-6.44
2026-10-09T20:41:47+10:00,OXT,0.01514532,0.01455886,14377415.62350617,4047365.31445611,-2.68
2026-10-09T20:41:47+10:00,LIT,0.18078747,0.17398300,14182053.82225406,9530933.50285835,-7.12
2026-10-09T20:41:47+10:00,TLM,0.00206867,0.00198960,14150945.45199234,5665426.10082201,-3.86
2026-10-09T20:41:47+10:00,ZEUS,0.01256864,0.01196240,14082726.26086687,46828617.34228764,-37.94
2026-10-09T20:41:47+10:00,BEL,0.17681077,0.17182975,13753483.42305295,4000808.11747114,-2.00
2026-10-09T20:41:47+10:00,PAAL,0.01446567,0.01385347,13679104.15620559,693662.98731003,-4.08
2026-10-09T20:41:47+10:00,ACT,0.01454269,0.01405357,13370897.8715097,28719746.71948069,-5.53
2026-10-09T20:41:47+10:00,ATM,1.50436490,1.46277796,13328210.38172972,6758626.91585199,-2.73
2026-10-09T20:41:47+10:00,AVAAI,0.01339864,0.01289361,13318052.93515017,238964.69492919,-3.45
2026-10-09T20:41:47+10:00,COOKIE,0.01722432,0.01666619,13220474.93415692,2671077.97332375,-3.83
2026-10-09T20:41:47+10:00,COQ,0.00000021,0.00000018,13036152.41226733,3121259.82697178,-4.55
2026-10-09T20:41:47+10:00,GNS,0.57168327,0.54549128,13000084.53000691,820634.54274723,-2.46
2026-10-09T20:41:47+10:00,WRX,0.03584839,0.03379175,12408956.55421924,23976.97943389,-0.41
2026-10-09T20:41:47+10:00,ELA,0.54602410,0.51531476,11791318.4563845,229962.12370962,-1.12
2026-10-09T20:41:47+10:00,PRIME,0.33594045,0.32499797,11640777.36309073,459545.97696461,-0.89
2026-10-09T20:41:47+10:00,TOKEN,0.00305175,0.00291252,11576715.32994174,1564620.54926408,-4.45
2026-10-09T20:41:47+10:00,BAR,0.41403187,0.40194095,11546675.6146206,5706076.85524137,-0.45
2026-10-09T20:41:47+10:00,DSYNC,0.01255382,0.01203403,11461313.05100822,1237390.64427511,-3.53
2026-10-09T20:41:47+10:00,PSG,0.67482775,0.65458955,11323938.79871791,4750738.24318513,-1.74
2026-10-09T20:41:47+10:00,ALPINE,0.54221967,0.52539424,11310130.93100932,6883694.4936434,0.09
2026-10-09T20:41:47+10:00,ASR,1.27156407,1.23596842,11150287.06859952,5002441.86439974,-1.93
2026-10-09T20:41:47+10:00,LYXE,0.37498398,0.35113608,10859914.29491365,168037.08250909,-1.81
2026-10-09T20:41:47+10:00,MAVIA,0.04508663,0.04349445,10730061.25180446,862799.60960642,-2.96
2026-10-09T20:41:47+10:00,VINE,0.01120496,0.01078765,10610877.32831436,4706991.16734249,-0.84
2026-10-09T20:41:47+10:00,GHX,0.01651116,0.01571588,10167985.78341076,517930.76069405,-9.10
2026-10-09T20:41:47+10:00,RBNT,0.00347581,0.00337199,10167493.15410194,241275.37784531,-2.44
2026-10-09T20:41:47+10:00,ORAI,0.79295031,0.75356009,9848146.80405882,470757.69656208,-5.07
2026-10-09T20:41:47+10:00,QUICK,0.01578037,0.01511585,9822461.65080551,1091550.92302876,-1.01
2026-10-09T20:41:47+10:00,ELIZAOS,0.00071440,0.00067906,9706734.01306777,24048007.12967294,-43.95
2026-10-09T20:41:47+10:00,NOM,0.00338001,0.00327150,9507557.50657665,15592209.50506576,0.24
2026-10-09T20:41:47+10:00,ALCX,3.73070708,3.61316206,9497628.88565007,286576.32055462,-3.77
2026-10-09T20:41:47+10:00,WILD,0.02217297,0.02057247,9393400.69428248,179443.43665912,5.99
2026-10-09T20:41:47+10:00,HFT,0.01003408,0.00945531,9161881.14649368,6759452.92860074,2.58
2026-10-09T20:41:47+10:00,BADGER,0.49212329,0.46036594,8846067.72239235,8941.34690561,-2.13
2026-10-09T20:41:47+10:00,DENT,0.00009175,0.00008767,8746576.12522345,104497.42110937,-2.03
2026-10-09T20:41:47+10:00,SUPRA,0.00020884,0.00019798,8673520.43793304,629731.28660828,-5.93
2026-10-09T20:41:47+10:00,BRISE,0.00000002,0.00000002,8525423.22644481,802347.11615148,-1.75
2026-10-09T20:41:47+10:00,POLS,0.08626114,0.08122976,8212302.57219101,164674.57536024,-4.39
2026-10-09T20:41:47+10:00,LAZIO,0.61736425,0.59716941,7867138.81305409,21898461.6446162,-2.54
2026-10-09T20:41:47+10:00,JUV,0.48475618,0.46940961,7724096.20672108,4931660.49470024,-0.45
2026-10-09T20:41:47+10:00,LMWR,0.01504383,0.01428325,7588690.9957842,1152291.15637523,-2.76
2026-10-09T20:41:47+10:00,FARM,11.69161164,11.25147566,7528436.36463981,139043.18682883,0.07
2026-10-09T20:41:47+10:00,XEM,0.00081909,0.00077531,7152983.80947362,500402.81929689,-6.33
2026-10-09T20:41:47+10:00,SCR,0.03832341,0.03715082,7081918.04442149,28211169.0079269,4.87
2026-10-09T20:41:47+10:00,CITY,0.51569806,0.50099068,6983799.74767559,3778217.00441762,-1.30
2026-10-09T20:41:47+10:00,NKN,0.00903504,0.00860727,6897713.74867021,129209.08378106,1.39
2026-10-09T20:41:47+10:00,BLZ,0.01486584,0.01426893,6850775.0304478,112976.07492214,-0.74
2026-10-09T20:41:47+10:00,MDT,0.01020051,0.00978296,6800813.42599376,596209.92345556,-0.75
2026-10-09T20:41:47+10:00,WEN,0.00000965,0.00000930,6686975.89696533,203042.71046582,-4.64
2026-10-09T20:41:47+10:00,MLN,2.10183794,1.98845931,6610554.52256702,65636.15636204,-0.86
2026-10-09T20:41:47+10:00,AERGO,0.00834444,0.00780779,6325449.56572713,19718.2335053,-7.51
2026-10-09T20:41:47+10:00,TRIAS,0.26521615,0.24317427,6148265.07162169,234967.59089789,3.53
2026-10-09T20:41:47+10:00,XRD,0.00070208,0.00064741,6131671.00558692,216936.65111622,-11.35
2026-10-09T20:41:47+10:00,SWELL,0.00115459,0.00110741,5988620.30018869,2154802.50828923,-5.42
2026-10-09T20:41:47+10:00,BTS,0.00199030,0.00192371,5804939.96315602,91258.25220877,-0.51
2026-10-09T20:41:47+10:00,ACM,0.41697872,0.40481195,5796357.69580009,2455351.01991977,-0.10
2026-10-09T20:41:47+10:00,NIM,0.00040863,0.00038494,5466133.68652832,67938.97549211,-8.39
2026-10-09T20:41:47+10:00,TX,0.00216447,0.00209439,5311042.8272827,448635.70334625,-3.16
2026-10-09T20:41:47+10:00,NEON,0.02326956,0.02191914,5027508.37842739,1934050.38008028,2.16
2026-10-09T20:41:47+10:00,HTR,0.00967836,0.00932638,4825129.03848494,130422.5606284,-9.94
2026-10-09T20:41:47+10:00,GHST,0.09194160,0.08887201,4645151.7515372,1060196.61095733,-3.42
2026-10-09T20:41:47+10:00,GFI,0.05615216,0.05304185,4571055.25572743,514041.78368448,-3.76
2026-10-09T20:41:47+10:00,HIGH,0.05276410,0.04827941,4478682.37377295,11725247.24022587,-1.30
2026-10-09T20:41:47+10:00,KDA,0.01460016,0.01397605,4343297.16657046,13758.05864905,7.96
2026-10-09T20:41:47+10:00,RSS3,0.00489177,0.00454480,4113222.7333065,206815.39867876,-0.73
2026-10-09T20:41:47+10:00,BCAU,0.03888501,0.03712500,3656615.80218403,3.40852074,0.00
2026-10-09T20:41:47+10:00,REN,0.00389426,0.00374235,3641570.56588329,33932.37833506,-9.39
2026-10-09T20:41:47+10:00,PRCL,0.00896694,0.00850978,3485194.67897731,424760.09866349,-2.69
2026-10-09T20:41:47+10:00,ERN,0.69545567,0.67597855,3140027.5336272,2002.28243212,-2.39
2026-10-09T20:41:47+10:00,MYRO,0.00317326,0.00305148,2847393.90297845,240755.80417211,-1.36
2026-10-09T20:41:47+10:00,AZERO,0.01098264,0.01050113,2813468.03198618,137974.26453703,-6.73
2026-10-09T20:41:47+10:00,UOS,0.00540388,0.00516174,2441189.71529445,579594.45764623,-4.48
2026-10-09T20:41:47+10:00,SUNDOG,0.00223803,0.00212028,2205091.74886819,1215169.81642613,-1.74
2026-10-09T20:41:47+10:00,DAR,0.00420928,0.00396836,2109533.25829042,262179.70358452,2.44
2026-10-09T20:41:47+10:00,PERP,0.03098020,0.02943642,1985047.4018793,432000.39075518,3.27
2026-10-09T20:41:47+10:00,SOUL,0.01575513,0.01507120,1950673.05845166,37958.85894029,-6.67
2026-10-09T20:41:47+10:00,HOOK,0.00490355,0.00456203,1782737.12629776,105871.08678561,-4.94
2026-10-09T20:41:47+10:00,CHEQ,0.00278348,0.00264462,1708577.81255795,241600.08604616,-9.29
2026-10-09T20:41:47+10:00,PYR,0.14287927,0.12736025,1650216.00746461,948040.71488807,-2.94
2026-10-09T20:41:47+10:00,YFII,45.95606388,43.71107857,1600494.11146154,110406.75737686,-0.07
2026-10-09T20:41:47+10:00,VOXEL,0.00596737,0.00576785,1473097.48940697,71814.4633543,-5.34
2026-10-09T20:41:47+10:00,RDNT,0.00091175,0.00088469,1365597.60814758,3695230.23769967,-44.41
2026-10-09T20:41:47+10:00,SHR,0.00035468,0.00033867,1192668.72573565,59907.32183287,0.72
2026-10-09T20:41:47+10:00,IDEX,0.00133846,0.00122248,1156758.74005419,50663.59086043,2.81
2026-10-09T20:41:47+10:00,LTO,0.00264774,0.00251357,739127.34473262,1834.86294207,-3.30
2026-10-09T20:41:47+10:00,TOMO,0.00605430,0.00554248,697333.02980549,255484.80805537,-7.80
2026-10-09T20:41:47+10:00,FIO,0.00072390,0.00066564,651761.75076995,2409.50910635,10.76
2026-10-09T20:41:47+10:00,XMN,0.00069202,0.00063923,623223.25773923,172160.09602166,-0.40
2026-10-09T20:41:47+10:00,ACA,0.00049522,0.00047643,556432.7536243,23209.34366849,-1.45
2026-10-09T20:41:47+10:00,MTV,0.00014187,0.00013709,493196.77038233,88548.34278248,-1.40
2026-10-09T20:41:47+10:00,POLK,0.00448216,0.00397059,374884.51861383,164.36524793,-4.23
2026-10-09T20:41:47+10:00,A2Z,0.00003534,0.00003390,364432.76746542,12146.75498645,-17.32
2026-10-09T20:41:47+10:00,FIS,0.00247240,0.00232551,349475.78050634,71330.53778198,7.10
2026-10-09T20:41:47+10:00,RFOX,0.00030339,0.00029441,344557.6189968,11.80165383,-0.06
2026-10-09T20:41:47+10:00,GLQ,0.00112069,0.00104102,342254.10704595,83615.65249011,4.59
2026-10-09T20:41:47+10:00,NFP,0.00040638,0.00037036,225602.61128408,182247.30051084,-0.35
2026-10-09T20:41:47+10:00,CHO,0.00040908,0.00034526,199696.80785619,51985.05346796,1.01
2026-10-09T20:41:47+10:00,LL,0.00177710,0.00171485,140196.74931773,12581.88813298,-0.63
2026-10-09T20:41:47+10:00,DEGO,0.00537800,0.00515201,107974.30331543,29904.27671125,-3.02
2026-10-09T20:41:47+10:00,NYAN,0.00078077,0.00071143,71453.27749672,1791.267802,11.61
